Geography,year,Estimate; White alone,Margin of Error; White alone,Estimate; Black or African American alone,Margin of Error; Black or African American alone,Estimate; American Indian and Alaska Native alone,Margin of Error; American Indian and Alaska Native alone,Estimate; Asian alone,Margin of Error; Asian alone,Estimate; Native Hawaiian and Other Pacific Islander alone,Margin of Error; Native Hawaiian and Other Pacific Islander alone,Estimate; Some other race alone,Margin of Error; Some other race alone,Estimate; Two or more races:,Margin of Error; Two or more races:,Estimate; Two or more races: - Two races including Some other race,Margin of Error; Two or more races: - Two races including Some other race,"Estimate; Two or more races: - Two races excluding Some other race, and three or more races","Margin of Error; Two or more races: - Two races excluding Some other race, and three or more races",Estimate; Total:,Margin of Error; Total:,Total; Estimate; AGE - Under 5 years,Total; Estimate; AGE - 5 to 9 years,Total; Estimate; AGE - 10 to 14 years,Total; Estimate; AGE - 15 to 19 years,Total; Estimate; AGE - 20 to 24 years,Total; Estimate; AGE - 25 to 29 years,Total; Estimate; AGE - 30 to 34 years,Total; Estimate; AGE - 35 to 39 years,Total; Estimate; AGE - 40 to 44 years,Total; Estimate; AGE - 45 to 49 years,Total; Estimate; AGE - 50 to 54 years,Total; Estimate; AGE - 55 to 59 years,Total; Estimate; AGE - 60 to 64 years,Total; Estimate; AGE - 65 to 69 years,Total; Estimate; AGE - 70 to 74 years,Total; Estimate; AGE - 75 to 79 years,Total; Estimate; AGE - 80 to 84 years,Total; Estimate; AGE - 85 years and over,Total; Margin of Error; AGE - Under 5 years,Total; Margin of Error; AGE - 5 to 9 years,Total; Margin of Error; AGE - 10 to 14 years,Total; Margin of Error; AGE - 15 to 19 years,Total; Margin of Error; AGE - 20 to 24 years,Total; Margin of Error; AGE - 25 to 29 years,Total; Margin of Error; AGE - 30 to 34 years,Total; Margin of Error; AGE - 35 to 39 years,Total; Margin of Error; AGE - 40 to 44 years,Total; Margin of Error; AGE - 45 to 49 years,Total; Margin of Error; AGE - 50 to 54 years,Total; Margin of Error; AGE - 55 to 59 years,Total; Margin of Error; AGE - 60 to 64 years,Total; Margin of Error; AGE - 65 to 69 years,Total; Margin of Error; AGE - 70 to 74 years,Total; Margin of Error; AGE - 75 to 79 years,Total; Margin of Error; AGE - 80 to 84 years,Total; Margin of Error; AGE - 85 years and over,Male; Estimate; Total population,Male; Margin of Error; Total population,Female; Estimate; Total population,Female; Margin of Error; Total population,Unemployment rate; Estimate; Population 16 years and over,Unemployment rate; Margin of Error; Population 16 years and over,unemployment_rate_bls
"Atlantic County, New Jersey",2010,184736,4383,44005,1954,554,269,21383,862,716,861,15618,4235,7673,2318,4243,1806,3430,1294,274685,NA,6,6.1,6.8,7,6.7,5.7,5.5,5.5,7.8,8.1,8.1,6.7,5.7,4.7,3.1,2.1,2.5,1.9,0.1,0.6,0.6,0.4,0.4,0.4,0.3,0.6,0.6,0.2,0.2,0.6,0.6,0.4,0.4,0.3,0.3,0.3,132679,611,142006,611,12.6,1.7,12.3
"Bergen County, New Jersey",2010,666546,5193,49811,2143,2061,1145,131089,2427,0,281,39831,5150,17203,2780,4444,1322,12759,2552,906541,NA,5.5,6.2,6.6,6.3,5.3,5.6,6,6.4,7.8,8.3,8,7.2,5.6,4.4,3.1,2.6,2.5,2.5,0.1,0.3,0.3,0.1,0.1,0.1,0.1,0.4,0.4,0.1,0.1,0.3,0.3,0.2,0.2,0.2,0.2,0.2,436535,1088,470006,1088,8.5,0.7,8
"Burlington County, New Jersey",2010,334694,2086,74845,2199,536,454,19499,1065,141,225,6420,1585,13014,2534,2476,1180,10538,2333,449149,NA,5.8,5.8,7.2,6.6,5.9,5.9,5.7,6.3,7.5,8.6,8.2,6.2,6.3,4.2,3.1,2.9,1.8,2,0.1,0.4,0.4,0.1,0.1,0.1,0.1,0.5,0.5,0.1,0.1,0.4,0.4,0.3,0.3,0.3,0.2,0.3,220862,750,228287,750,9,0.9,9
"Camden County, New Jersey",2010,325499,3549,97319,2353,2228,946,25859,1368,34,58,46298,4588,16370,3201,6170,1932,10200,2622,513607,NA,6.5,6.6,6.8,7,6.4,6.7,6.4,6.7,6.8,7.6,7.7,6.4,5.6,3.8,2.9,2.3,2,1.9,0.1,0.5,0.5,0.1,0.1,0.1,0.1,0.4,0.4,0.1,0.1,0.5,0.4,0.3,0.2,0.2,0.2,0.2,247981,225,265626,225,13.2,1.3,10.9
"Cape May County, New Jersey",2010,88869,1399,4034,1368,1618,1460,969,313,0,281,272,221,1491,1035,166,261,1325,985,97253,NA,4.3,5.2,5.2,6.5,5.1,4.3,5.1,4.9,6,7.2,8.5,7.9,7.8,6.5,5.1,4.8,3.5,2.1,0.5,0.9,0.9,0.7,0.6,0.3,0.9,1,0.8,0.4,0.6,0.8,0.8,0.7,0.8,0.9,0.8,0.7,47163,432,50090,432,11.5,2.5,14
"Cumberland County, New Jersey",2010,97106,3283,32075,1744,1031,464,2062,277,0,281,18236,3497,6639,1738,2049,879,4590,1637,157149,NA,6.7,6.9,6.1,6.5,7.7,6.8,7,7.4,6.7,7.9,6.5,6.3,4.9,3.4,3.5,2.1,1.6,1.9,0.1,0.8,0.8,0.5,0.5,0.3,0.4,0.8,0.8,0.3,0.3,0.6,0.6,0.6,0.6,0.5,0.4,0.5,81480,628,75669,628,14.1,2.4,13
"Essex County, New Jersey",2010,341723,7281,319381,2973,2659,991,36329,1349,40,67,44786,6546,39310,5595,6927,2046,32383,5597,784228,NA,6.9,6.9,6.9,7.1,6.7,6.7,7,7.5,7.3,7.6,7.1,6,4.9,3.2,2.9,2,1.6,1.8,0.1,0.4,0.4,0.1,0.1,0.1,0.1,0.4,0.4,0.1,0.1,0.3,0.3,0.2,0.2,0.2,0.2,0.2,376132,459,408096,459,14.1,1,10.8
"Gloucester County, New Jersey",2010,239453,1770,28775,1528,412,299,7611,846,113,189,5424,1920,6793,1700,1640,774,5153,1576,288581,NA,6,6.7,7.2,7.3,6.5,5.6,5.9,6.6,7.5,8.3,7.9,6.5,5.7,3.4,3.2,2.3,1.9,1.4,0.2,0.6,0.6,0.2,0.3,0.3,0.4,0.7,0.6,0.3,0.2,0.5,0.5,0.3,0.3,0.3,0.3,0.3,140308,852,148273,852,11,1.5,10.3
"Hudson County, New Jersey",2010,326560,8134,82880,3579,1336,547,84760,2081,0,281,118741,8431,21017,3230,8444,2303,12573,2360,635294,NA,6.7,5.6,4.9,5.9,7.6,10.7,10.1,8.2,7,6.8,6.3,5.6,4.3,3.3,2.5,1.8,1.6,1.2,0.1,0.4,0.4,0.1,0.1,0.1,0.1,0.6,0.5,0.1,0.1,0.3,0.3,0.3,0.2,0.2,0.2,0.2,313710,432,321584,432,13.1,0.9,9.6
"Hunterdon County, New Jersey",2010,117555,877,3161,405,208,219,3973,524,102,170,1529,931,1845,699,106,177,1739,646,128373,NA,4.7,7.2,7,6.7,5.2,3.7,4.2,5.9,7.6,10,10.3,8.6,5.8,4.4,3.4,2.1,2.1,1.3,0.3,0.8,0.8,0.4,1,0.3,0.4,0.9,0.9,0.3,0.3,0.8,0.8,0.5,0.8,0.4,0.4,0.4,64063,609,64310,609,10,2.1,7.4
"Mercer County, New Jersey",2010,229142,4983,75871,1500,786,126,32365,930,0,281,20930,4754,7695,1744,2329,1181,5366,1575,366789,NA,5.9,6.1,6.6,7.7,7.3,6.4,6.3,7,7.2,7.7,7.4,7,4.8,3.7,2.7,2.1,2,2.2,0.1,0.5,0.5,0.4,0.4,0.1,0.1,0.6,0.6,0.1,0.1,0.3,0.3,0.3,0.3,0.3,0.3,0.3,179446,712,187343,712,10.7,1.2,8.4
"Middlesex County, New Jersey",2010,515634,4976,74513,2346,1478,431,175464,2087,228,228,22356,4361,21313,3466,6506,1974,14807,3346,810986,NA,6.1,6.3,6.3,7,7.2,6.7,7.1,7.3,7.2,7.6,7.4,6.2,5,3.8,2.6,2.3,1.9,1.7,0.1,0.3,0.3,0.1,0.1,0.1,0.1,0.4,0.4,0.1,0.1,0.3,0.3,0.2,0.2,0.2,0.2,0.2,398391,438,412595,438,10,0.7,9
"Monmouth County, New Jersey",2010,525380,4322,46068,1721,276,237,31260,1536,0,281,10244,3710,17738,4343,2892,1552,14846,3951,630966,NA,5.5,6.7,7.1,7,5.4,5.2,5.2,6.1,7.6,8.9,8.6,7.1,5.9,4,3.1,2.5,2.1,2.1,NA,0.4,0.4,0.2,0.2,0.1,NA,0.4,0.4,NA,NA,0.3,0.3,0.2,0.2,0.2,0.2,0.2,307147,460,323819,460,8.7,0.8,8.7
"Morris County, New Jersey",2010,406190,4638,15971,975,736,522,43945,1545,0,281,17888,4730,7964,1980,3171,1212,4793,1667,492694,NA,5.5,6.4,7.5,6.7,4.8,5.1,5.4,6.5,8,9,8.3,7.4,5.4,4.1,3.2,2.4,1.9,2.3,0.1,0.4,0.4,0.2,0.2,0.1,0.1,0.6,0.5,0.1,0.1,0.5,0.5,0.3,0.3,0.3,0.2,0.4,240995,407,251699,407,8.7,0.9,7.4
"Ocean County, New Jersey",2010,525207,3541,16710,2009,106,150,8863,1173,321,436,15124,3528,11272,3231,2883,1254,8389,2486,577603,NA,6.7,6.2,6.6,5.9,5.4,5.4,5.2,5.5,6,6.8,6.8,5.7,6.8,5.5,4.6,4.5,3.2,3.1,0.1,0.5,0.5,0.2,0.2,0.1,0.2,0.4,0.5,0.2,0.1,0.3,0.4,0.4,0.4,0.3,0.3,0.3,276023,723,301580,723,11,0.9,10.3
"Passaic County, New Jersey",2010,340256,6883,60731,1979,1385,491,26289,884,0,281,63506,6657,9693,2794,3492,1233,6201,2611,501860,NA,6.8,6.7,6.9,7.6,7.1,6.6,6.6,7.1,6.7,7.4,7.2,6.3,4.9,3.9,2.5,2.1,1.7,2,0.1,0.5,0.5,0.2,0.2,0.2,0.1,0.4,0.4,0.1,0.1,0.4,0.4,0.3,0.3,0.2,0.3,0.3,243680,329,258180,329,11.1,1.1,11.4
"Salem County, New Jersey",2010,53833,789,10046,912,41,57,347,356,0,281,893,580,898,531,141,180,757,540,66058,NA,5.6,5.5,7.9,7.2,5.8,5,4.7,5.1,7.9,8.2,8.2,7.5,5.9,4.7,3.1,3.9,1.9,1.8,0.5,1,1.1,0.6,0.7,0.6,0.4,1,1.1,0.5,0.7,0.9,1,0.6,0.8,0.7,0.6,0.5,32209,328,33849,328,15.9,2.7,11.6
"Somerset County, New Jersey",2010,226154,3981,27511,1114,541,419,44609,1748,206,339,17320,4055,7853,2300,1226,830,6627,2031,324194,NA,5.9,6.9,7.5,6.8,4.3,5.3,6,7.1,8,9.2,8.6,7,4.9,4,2.6,1.9,1.8,2.2,NA,0.6,0.6,0.2,0.2,0.2,0.1,0.7,0.7,NA,NA,0.6,0.5,0.4,0.3,0.3,0.3,0.3,158657,616,165537,616,7.2,0.9,7.6
"Sussex County, New Jersey",2010,140068,928,2844,563,297,390,2507,578,0,281,1179,812,2344,842,457,410,1887,777,149239,NA,5.1,5.9,8,7.1,4.6,4.4,5.2,7.7,7.1,9.9,8.9,7.6,6.5,4.5,2.4,1.8,1.5,1.5,0.2,0.7,0.7,0.3,0.2,0.4,0.4,1,0.8,0.5,0.2,0.7,0.8,0.5,0.5,0.4,0.4,0.4,73547,631,75692,631,11,1.8,9.4
"Union County, New Jersey",2010,319203,6528,115299,3020,549,189,23293,1524,599,963,68994,6563,9724,2265,2498,1262,7226,2030,537661,NA,6.7,6.6,6.9,6.7,6,6.3,6.6,6.5,8.1,8,7.6,6.3,5,3.7,2.7,2.3,1.7,2.3,0.1,0.4,0.4,0.1,0.1,0.1,0.1,0.4,0.4,0.1,0.1,0.3,0.3,0.3,0.3,0.3,0.2,0.2,260324,255,277337,255,12.4,1.1,9.5
"Warren County, New Jersey",2010,99477,976,4294,508,118,134,2601,522,0,281,761,591,1463,932,468,693,995,634,108714,NA,5.6,7.8,6.2,6.4,5,4.6,5.5,6.8,7.6,8.7,8.6,6.6,6.2,4,3.3,2.7,2.5,1.8,0.2,0.7,0.8,0.5,0.4,0.3,0.5,0.8,0.9,0.3,0.5,0.8,0.7,0.6,0.5,0.7,0.5,0.5,52717,658,55997,658,8.9,1.5,9.8
"Atlantic County, New Jersey",2011,179270,3187,44368,2832,1822,1871,21428,730,59,109,18490,4305,8901,2952,4408,2493,4493,1354,274338,NA,6,6.1,6.6,7.1,6.6,6,5.6,5.8,6.9,8.1,7.9,6.4,6.4,4.6,3.4,2.6,1.8,2.2,0.1,0.6,0.6,0.4,0.4,0.2,0.1,0.7,0.7,0.1,0.1,0.6,0.6,0.4,0.4,0.4,0.3,0.4,133115,312,141223,312,14.9,1.9,12.5
"Bergen County, New Jersey",2011,654563,6838,53277,1786,1022,991,134508,2268,232,377,51470,7000,15932,2901,3589,1162,12343,2425,911004,NA,5.4,6.3,6.4,6.5,5.2,5.6,6,6.3,7.8,8.1,8,7,6.1,4.6,3,2.6,2.5,2.5,0.1,0.3,0.3,0.1,0.1,0.1,0.1,0.4,0.4,0.1,0.1,0.3,0.3,0.2,0.2,0.2,0.2,0.2,439602,583,471402,583,7.8,0.6,7.7
"Burlington County, New Jersey",2011,330917,3237,73921,1903,374,235,20437,1139,206,200,9985,2952,13736,2420,2502,913,11234,2220,449576,NA,5.6,6.2,6.7,6.6,6,5.9,5.8,6.3,7.3,8.3,8.3,6.9,6,4,3.3,2.7,2.1,1.9,0.1,0.4,0.4,0.1,0.2,0.1,0.1,0.5,0.5,0.1,0.1,0.3,0.3,0.3,0.3,0.3,0.3,0.2,220727,409,228849,409,9.8,1,8.7
"Camden County, New Jersey",2011,333172,4001,94751,2458,1111,341,27084,849,293,342,40039,3980,16791,3135,4734,1252,12057,2763,513241,NA,6.4,6.5,6.9,6.7,6.6,6.7,6.5,5.8,7.3,7.5,7.7,6.8,5.6,3.9,2.9,2.2,1.8,2.3,0.1,0.3,0.3,0.1,0.2,0.2,0.1,0.5,0.5,0.1,0.1,0.4,0.4,0.3,0.2,0.2,0.2,0.2,247842,236,265399,236,13.5,1.1,10.8
"Cumberland County, New Jersey",2011,99207,3293,33423,1623,2543,1251,2347,199,0,198,14758,3031,4817,1363,2541,1136,2276,888,157095,NA,6.8,6.2,6.9,6.6,6.7,7.4,7.5,6.7,7.4,7.1,6.8,5.8,5.6,3.8,3.1,2.1,2,1.6,0.1,0.8,0.8,0.4,0.4,0.2,0.4,0.7,0.7,0.3,0.1,0.6,0.6,0.4,0.4,0.4,0.4,0.3,80160,491,76935,491,14.1,2.2,12.9
"Essex County, New Jersey",2011,347152,6142,311382,3534,1569,602,36482,1417,108,185,64491,6043,23953,3602,5544,1830,18409,3134,785137,NA,6.9,6.9,6.7,6.9,6.8,6.7,7,7.1,7.5,7.4,7.2,6.2,5,3.6,2.6,1.9,1.5,2.1,0.1,0.4,0.4,0.1,0.1,0.1,0.1,0.4,0.4,0.1,0.1,0.3,0.3,0.2,0.2,0.2,0.2,0.2,376917,326,408220,326,14.6,1,10.8
"Gloucester County, New Jersey",2011,239025,1420,28684,2004,986,821,8643,450,93,165,5146,1667,6527,2353,347,255,6180,2374,289104,NA,5.9,6.3,7.4,6.9,6.5,6,6,6.9,6.9,8,8.1,6.3,6.4,3.8,3,1.8,2,1.8,0.1,0.5,0.5,0.3,0.4,0.4,0.2,0.6,0.6,0.2,0.2,0.5,0.5,0.4,0.4,0.2,0.3,0.3,139903,639,149201,639,11.6,1.5,10.2
"Hudson County, New Jersey",2011,351987,8279,80169,4231,2366,857,87569,1699,552,591,99555,9138,19026,3611,7229,1917,11797,3136,641224,NA,6.8,5.4,5.1,5.6,7.3,10.8,10.3,8,7.2,6.7,6.3,5.4,4.6,3.4,2.3,1.8,1.3,1.5,0.1,0.3,0.3,0.1,0.1,0.1,0.1,0.4,0.4,0.1,0.1,0.3,0.3,0.2,0.2,0.2,0.1,0.2,318150,311,323074,311,11.3,1,9.2
"Hunterdon County, New Jersey",2011,115503,1226,3541,329,53,78,4202,585,0,198,2925,1217,1814,752,803,645,1011,543,128038,NA,4.4,7.6,6.2,7,4.9,4.3,3.9,6,7.7,9.8,9.9,8,6.8,4.7,2.9,2.6,2.4,1.1,0.4,0.8,0.7,0.3,0.4,0.4,0.3,0.9,1,0.3,0.3,0.8,0.9,0.5,0.5,0.5,0.5,0.4,63831,527,64207,527,7.1,1.8,6.9
"Mercer County, New Jersey",2011,225447,4300,74193,1919,634,224,33077,2107,0,198,26500,4908,7212,1924,1850,989,5362,1399,367063,NA,5.9,6.3,6.3,7.4,7.5,6.4,6.3,6.9,7,7.6,7.5,6.5,5.7,3.9,2.7,2.5,2.1,1.8,0.1,0.5,0.5,0.2,0.2,0.2,0.1,0.7,0.6,0.1,0.1,0.5,0.5,0.3,0.3,0.3,0.4,0.3,179688,390,187375,390,10.8,1.2,8.3
"Middlesex County, New Jersey",2011,511710,4734,77386,2174,1481,786,178840,2238,674,755,25142,4948,18984,3116,5110,1532,13874,2697,814217,NA,6.1,6.3,6.3,7,7.1,6.7,7,7.1,7.2,7.5,7.4,6.6,5.1,3.5,3,2.1,1.9,2,0.1,0.3,0.3,0.1,0.1,0.1,0.1,0.4,0.4,0.1,0.1,0.3,0.3,0.2,0.2,0.2,0.2,0.2,400767,229,413450,229,8.8,0.8,8.7
"Monmouth County, New Jersey",2011,530047,3557,45202,1795,2112,1589,31963,1204,3,8,8095,2437,13598,2497,2238,870,11360,2393,631020,NA,5.3,6,7.5,7,5.6,5.2,5.1,5.9,7.3,8.7,8.8,7.4,6.1,4.1,3.2,2.4,1.9,2.4,0.1,0.5,0.5,0.1,0.1,0.1,0.1,0.4,0.4,0.1,0.1,0.3,0.3,0.3,0.3,0.3,0.2,0.3,307427,211,323593,211,10.4,0.8,8.6
"Morris County, New Jersey",2011,403854,4702,16213,1039,335,336,45118,1780,119,200,19741,4954,9596,2295,2666,1289,6930,1715,494976,NA,5.4,6.5,7.1,6.8,4.8,5.2,5.6,5.7,8.4,8.8,8.6,6.9,6.2,4.6,2.8,2.8,2.1,1.9,0.1,0.4,0.4,0.1,0.1,0.1,0.1,0.4,0.4,0.1,0.2,0.4,0.4,0.3,0.2,0.3,0.2,0.3,241934,834,253042,834,8.8,0.9,7.1
"Ocean County, New Jersey",2011,530955,2977,17523,1830,858,462,9812,1044,48,87,8762,2453,11411,3187,1790,1000,9621,3004,579369,NA,6.7,6.5,6.4,5.7,5.6,5.5,5.3,5.2,6,6.6,6.9,6.1,6.5,5.8,4.5,3.8,3.7,3.3,0.1,0.4,0.4,0.1,0.1,0.1,0.2,0.4,0.4,0.1,0.1,0.4,0.4,0.3,0.3,0.3,0.3,0.3,277229,658,302140,658,11.9,1.2,10.4
"Passaic County, New Jersey",2011,342514,6961,61398,2151,1787,1186,26556,939,325,431,46879,6166,22548,4776,4867,1708,17681,4467,502007,NA,6.9,6.6,6.9,7.3,7.3,6.7,6.6,6,7.6,7.3,7.2,6.4,5.1,3.8,2.7,2.1,1.8,1.8,0.1,0.5,0.5,0.1,0.1,0.1,0.1,0.5,0.5,0.1,0.1,0.4,0.4,0.3,0.3,0.3,0.3,0.3,244187,421,257820,421,12.8,1.5,11
"Salem County, New Jersey",2011,52283,761,10067,657,242,110,763,32,17,29,1242,711,1288,537,413,375,875,468,65902,NA,5.8,6.5,6.7,6.9,5.7,5.5,5.6,5.1,7.4,7.6,8.4,7.1,6.8,4.7,3.1,1.9,3.1,2.1,0.1,1,1,0.5,0.6,0.6,0.7,1,1.1,0.5,0.4,0.9,0.9,0.7,0.7,0.5,0.6,0.5,32162,310,33740,310,13.3,2.6,11.6
"Somerset County, New Jersey",2011,226708,4020,29218,1389,446,526,47599,1462,0,198,13593,3583,7329,2284,1700,1058,5629,2086,324893,NA,5.8,7.1,7.1,6.8,4.5,5.3,6,6.6,8,9.2,8.6,6.4,6.2,4.2,2.5,2,1.9,2.1,NA,0.6,0.6,0.4,0.4,0.4,NA,0.6,0.6,0.1,0.1,0.6,0.6,0.4,0.4,0.3,0.3,0.4,158800,608,166093,608,7.7,1.2,7.4
"Sussex County, New Jersey",2011,139545,726,3158,398,12,21,3018,447,0,198,899,545,1885,571,525,418,1360,586,148517,NA,5,6,7.4,7.4,5.2,4.4,5.2,6.1,8.2,8.8,9.5,8.2,6.2,4.2,3.1,1.7,2.2,1.2,0.2,0.7,0.8,0.4,0.4,0.2,0.3,0.8,0.8,0.3,0.3,0.7,0.7,0.5,0.4,0.4,0.4,0.3,74340,431,74177,431,11.7,1.8,9.2
"Union County, New Jersey",2011,305703,5606,115463,3781,835,727,24780,1371,610,994,82985,6500,9118,2430,2632,1207,6486,2123,539494,NA,6.6,6.7,6.7,6.7,6.2,6.2,6.7,6.8,7.6,7.8,7.7,6.3,5.4,3.6,2.9,2.3,1.7,2.3,NA,0.5,0.5,0.1,0.1,0.1,NA,0.5,0.5,0.1,NA,0.3,0.3,0.3,0.3,0.2,0.2,0.2,262396,428,277098,428,12,1.1,9.5
"Warren County, New Jersey",2011,96554,1289,4313,367,133,147,2738,464,0,198,2952,1231,1649,799,632,504,1017,522,108339,NA,5.3,6.2,6.8,6.9,5.4,5,5.1,6.8,7.9,8.6,8.4,6.7,6.8,4.5,2.9,2.6,1.8,2.4,0.3,0.9,0.9,0.4,0.4,0.7,0.4,1.2,1.3,0.5,0.3,0.9,0.9,0.5,0.5,0.5,0.4,0.6,52629,528,55710,528,9.5,1.7,9.1
"Atlantic County, New Jersey",2012,183122,3455,44567,1882,496,368,22059,2047,62,104,16439,3943,8677,1931,3505,1409,5172,1190,275422,NA,6.1,5.9,6.7,6.7,7,5.8,5.3,5.5,7.4,7.5,8.1,6.4,6.7,4.9,3.7,2.5,2.2,1.8,0.1,0.7,0.7,0.2,0.3,0.2,0.3,0.7,0.7,0.1,0.1,0.6,0.6,0.4,0.4,0.3,0.3,0.3,134215,799,141207,799,14.4,1.7,12.7
"Bergen County, New Jersey",2012,655469,6118,50478,2186,2101,652,137980,3440,132,160,44996,5879,27732,4520,7062,1924,20670,4425,918888,NA,5.3,6,6.6,6.5,5.3,5.7,6.1,6.7,7.2,8,8,7.4,5.8,4.8,3.2,2.8,2.3,2.4,0.1,0.3,0.3,0.1,0.1,0.1,0.1,0.4,0.4,0.1,0.1,0.3,0.3,0.2,0.2,0.2,0.2,0.2,443760,149,475128,149,7.3,0.6,7.7
"Burlington County, New Jersey",2012,329194,2555,70525,2871,1260,608,21192,991,153,200,12731,2778,16281,3328,2481,1041,13800,2878,451336,NA,5.4,6.1,6.7,6.6,6.2,6,5.9,5.7,7.4,8.1,8.3,7,5.8,4.4,3.6,2.5,2.3,2,0.1,0.5,0.5,0.2,0.2,0.2,0.1,0.5,0.5,0.1,0.1,0.3,0.3,0.3,0.3,0.2,0.2,0.2,222183,563,229153,563,9.8,0.9,8.7
"Camden County, New Jersey",2012,326496,2981,102432,2926,1269,673,27563,1184,0,192,40531,3714,15248,2773,5130,2066,10118,2218,513539,NA,6.3,6.6,6.6,6.5,6.6,6.8,6.6,6,7,7.3,7.5,6.9,5.6,4.3,3.1,2.2,1.7,2.2,0.1,0.4,0.4,0.1,0.1,0.1,0.1,0.4,0.4,0.1,0.1,0.4,0.4,0.3,0.3,0.3,0.2,0.2,248387,435,265152,435,12,1.1,10.7
"Cape May County, New Jersey",2012,87415,1549,3259,723,611,579,1008,354,0,192,1518,1619,2493,1178,254,311,2239,982,96304,NA,4.5,5.1,4.9,6.2,5.3,5.6,4.4,3.6,6,7.6,7.8,8.5,8,6.8,5.6,3.7,3.2,3.4,0.4,1,0.8,0.6,0.4,0.9,0.4,0.6,0.9,0.8,0.4,0.9,0.9,0.9,0.9,0.6,0.5,0.6,46881,563,49423,563,11.4,2.5,15.4
"Cumberland County, New Jersey",2012,95239,3376,32005,1658,925,379,2133,317,0,192,20860,3581,6623,1879,2096,1426,4527,1298,157785,NA,6.8,6.7,6.3,6.2,7.2,7.2,7.2,6.7,6.9,7,6.9,6.6,5.6,4.1,2.6,2.4,1.6,2,0.1,0.7,0.7,0.6,0.6,0.1,0.1,0.8,0.8,0.1,0.2,0.7,0.8,0.5,0.5,0.5,0.4,0.4,81362,598,76423,598,13.9,2.3,13.1
"Essex County, New Jersey",2012,325625,5926,313745,3357,2536,873,38415,1456,432,88,83616,5887,23375,3502,6041,1772,17334,3157,787744,NA,6.8,6.4,7.2,6.8,6.8,6.7,7,7.1,7.3,7.4,7.2,6.3,5,3.8,2.7,2,1.7,1.7,0.1,0.3,0.3,0.1,0.1,0.1,0.1,0.3,0.3,0.1,0.1,0.3,0.3,0.2,0.2,0.2,0.2,0.2,378422,533,409322,533,15.4,0.9,10.7
"Gloucester County, New Jersey",2012,238170,2443,29717,1629,482,222,8226,1019,130,207,6410,2424,6451,2058,1952,952,4499,1728,289586,NA,5.7,6.8,6.7,7.2,6.8,5.6,6,5.7,7.5,8,8.1,6.9,5.8,4.4,3.1,2.3,1.9,1.6,0.2,0.5,0.6,0.3,0.5,0.2,0.3,0.6,0.6,0.3,0.2,0.5,0.4,0.4,0.4,0.4,0.3,0.3,140796,585,148790,585,9.6,1.1,10.1
"Hudson County, New Jersey",2012,363477,7885,86669,4520,3161,1427,93136,1678,193,210,87801,7389,17865,2800,8575,1870,9290,1972,652302,NA,6.8,5.5,5,5.4,7.3,10.6,10.5,7.7,7.7,6.7,6.2,5.3,4.9,3.3,2.6,1.8,1.5,1.3,0.1,0.3,0.3,0.1,0.1,0.1,0.1,0.5,0.5,0.1,0.1,0.3,0.3,0.2,0.2,0.2,0.2,0.2,324171,364,328131,364,10,0.8,8.9
"Hunterdon County, New Jersey",2012,116247,721,3174,577,102,118,3356,1379,1293,1527,695,457,2183,801,387,377,1796,700,127050,NA,4,5.6,7.8,7,5.2,3.9,4.1,5.2,7.5,9.2,10.8,8.8,6.8,4.8,3.4,2,1.9,2.1,0.4,0.7,0.8,0.2,0.4,0.2,0.6,0.7,0.7,0.4,0.4,0.9,0.9,0.6,0.6,0.4,0.5,0.5,62820,456,64230,456,8,1.7,6.8
"Mercer County, New Jersey",2012,234654,3756,73229,2189,682,728,35129,1119,0,192,17253,3883,7356,2017,1297,674,6059,1999,368303,NA,5.8,5.8,6.6,7.3,8.1,5.9,6.4,5.8,7.8,7.5,7.6,6.3,6,4,3,2.2,2,2,NA,0.5,0.5,0.2,0.3,0.2,NA,0.4,0.4,NA,NA,0.5,0.5,0.4,0.3,0.3,0.3,0.3,180189,NA,188114,NA,11.5,1.2,8.3
"Middlesex County, New Jersey",2012,512824,5111,79153,2266,1304,590,187914,1360,0,192,25356,4814,16490,2555,5907,1734,10583,1897,823041,NA,6,6.2,6.2,6.9,7.1,6.8,7,6.9,7.3,7.4,7.4,6.3,5.6,4.2,2.8,2.2,1.7,2,0.1,0.3,0.3,0.1,0.1,0.1,0.1,0.4,0.4,0.1,0.1,0.3,0.3,0.2,0.2,0.2,0.2,0.2,404539,360,418502,360,8.4,0.7,8.6
"Monmouth County, New Jersey",2012,522271,3376,48363,3160,1502,775,31871,1533,58,104,13877,2804,11442,2527,513,398,10929,2539,629384,NA,5.2,6,7.4,7,5.6,5.4,5.1,5.2,7.6,8.4,8.8,7.4,6.4,4.8,3.2,2.7,2,2.1,0.1,0.3,0.3,0.2,0.2,0.1,0.1,0.4,0.4,0.1,0.1,0.4,0.4,0.2,0.2,0.2,0.2,0.2,306180,417,323204,417,8.9,0.8,8.7
"Morris County, New Jersey",2012,406693,3936,15706,1166,608,539,48291,1429,0,192,17497,4280,9204,2313,1826,910,7378,1999,497999,NA,5.2,6.4,7.1,7.1,4.9,5.2,5.5,6,7.7,8.7,8.5,7.2,5.9,4.7,3.3,2.3,2.1,2.3,0.1,0.3,0.3,0.1,0.1,0.1,0.1,0.4,0.4,0.1,0.1,0.4,0.4,0.3,0.3,0.3,0.2,0.2,243641,462,254358,462,6.4,0.7,7.1
"Ocean County, New Jersey",2012,534638,3524,18690,1185,1825,2005,10459,939,0,192,7237,2543,7621,1652,849,532,6772,1576,580470,NA,6.6,6.8,6.1,5.9,5.5,5.4,5.3,5.3,5.6,6.6,6.8,6,6.5,6.2,4.5,3.8,3.4,3.5,0.1,0.3,0.3,0.1,0.1,0.1,0.1,0.4,0.4,0.1,0.1,0.3,0.3,0.3,0.3,0.2,0.2,0.3,278326,860,302144,860,10,1,10.6
"Passaic County, New Jersey",2012,346489,8345,69539,6466,1654,577,24590,1836,0,192,38162,6157,22451,4718,2697,1045,19754,4610,502885,NA,6.8,6.8,6.7,7.2,7.6,6.4,6.7,6.4,6.9,7.2,7.2,6.1,5.5,4,2.9,2,1.9,1.8,0.1,0.4,0.4,0.1,0.1,0.1,0.1,0.4,0.4,0.1,0.1,0.4,0.4,0.3,0.3,0.2,0.2,0.2,244338,596,258547,596,10.6,1.1,11.1
"Salem County, New Jersey",2012,51094,841,9411,416,0,192,718,106,0,192,3646,889,905,444,0,192,905,444,65774,NA,5.5,6.7,6.4,7.1,6.3,5.4,5.5,4.9,6.9,7.2,8.3,7.4,6.5,5,4.2,2.4,2.3,2.1,0.4,0.8,0.9,0.8,0.8,0.7,1.1,0.8,1.1,0.5,0.6,0.9,1,1,0.9,0.6,0.6,0.5,31510,414,34264,414,14.4,3,11.8
"Somerset County, New Jersey",2012,226376,3485,29335,893,265,169,50289,1068,63,105,15980,3348,5399,1430,1122,678,4277,1331,327707,NA,5.6,6.7,7.2,6.8,4.8,5.1,5.8,7.4,6.9,8.8,8.7,7.5,5.4,4.1,3.2,2.5,1.7,1.9,0.1,0.5,0.5,0.2,0.2,0.1,0.1,0.4,0.4,0.2,0.2,0.5,0.4,0.4,0.4,0.3,0.3,0.4,159847,295,167860,295,6.6,0.9,7.4
"Sussex County, New Jersey",2012,137187,1281,3361,555,144,201,2652,516,90,157,1742,1131,2266,876,709,581,1557,797,147442,NA,4.6,6.2,7.1,6.9,5.7,4.8,4.7,5.4,7.7,9.4,9.1,8.3,6.7,5,3.1,2,1.7,1.6,0.1,0.7,0.6,0.2,0.4,0.3,0.2,0.7,0.7,0.4,0.2,0.7,0.7,0.5,0.5,0.4,0.4,0.4,73276,510,74166,510,8.8,1.3,9
"Union County, New Jersey",2012,323137,5555,120120,2904,451,571,25460,1404,0,192,63531,5940,11277,1899,3785,1272,7492,1653,543976,NA,6.4,6.6,6.9,6.6,6.2,6.3,6.7,6.8,7.3,7.7,7.7,6.2,5.6,4.1,2.6,2,2,2.1,0.1,0.4,0.4,0.1,0.1,0.1,0.1,0.5,0.5,0.1,0.1,0.4,0.4,0.3,0.3,0.2,0.2,0.2,264275,506,279701,506,11.5,1,9.5
"Warren County, New Jersey",2012,95858,1467,4210,522,196,228,2735,282,0,192,3189,1479,1465,701,137,110,1328,687,107653,NA,4.8,7.2,6.5,6.6,5.5,5,5.2,6.3,7.3,8.2,9.3,7.1,6.5,5,3,2.1,2.4,2.1,0.4,1,0.9,0.5,0.3,0.4,0.4,0.8,0.9,0.3,0.4,0.7,0.7,0.6,0.6,0.5,0.5,0.5,52318,490,55335,490,9.3,1.7,8.7
"Cape May County, New Jersey",2011,88050,629,4797,359,608,433,980,162,13,26,1461,505,1121,405,312,184,809,352,97030,NA,4.5,4.2,6.1,5.8,5.2,5.2,4.6,4.9,5.1,7.7,8.3,6.9,9.4,6.6,5.2,3.8,3.6,2.8,0.3,0.9,0.8,0.6,0.5,0.7,0.4,1.2,1.2,0.7,0.6,1.1,1.1,0.9,0.9,0.8,0.8,0.9,46736,847,49865,847,11.3,2.4,14.8
"Atlantic County, New Jersey",2006,178184,3080,44553,746,221,241,17984,355,40,70,27327,3091,3311,729,397,338,2914,616,271620,NA,6.3,5.9,7.3,7.9,5.2,6.5,6.4,7.8,8.2,8,6.9,5.7,4.5,3.8,2.8,2.7,2.4,1.6,0.1,0.5,0.5,0.4,0.4,0.1,0.2,0.6,0.7,0.2,0.1,0.5,0.5,0.4,0.4,0.4,0.4,0.3,131331,340,140289,340,6.3,1,5.8
"Bergen County, New Jersey",2006,672604,5303,51504,1863,1146,663,125373,1835,144,173,40678,5022,12588,2610,3827,1216,8761,2144,904037,NA,5.7,6.3,6.5,6.3,5.6,4.6,6.1,7.5,8.7,8.6,7.6,6.6,5.3,4,3.2,2.9,2.4,2.2,0.1,0.3,0.3,0.1,0.1,0.1,0.1,0.4,0.4,0.1,0.1,0.3,0.3,0.2,0.2,0.2,0.2,0.2,438822,355,465215,355,5,0.6,3.9
"Burlington County, New Jersey",2006,336398,2951,73366,1587,462,438,18007,1028,58,92,12905,2831,9431,2026,1500,1044,7931,1757,450627,NA,5.9,6,6.8,6.8,6.1,6.3,6.6,7.8,8.6,8.4,7.1,5.6,5.2,3.6,2.9,2.5,2.1,1.7,0.1,0.4,0.4,0.2,0.2,0.3,0.1,0.5,0.5,0.1,0.1,0.3,0.3,0.3,0.3,0.2,0.3,0.2,221932,456,228695,456,5.8,0.9,4.2
"Camden County, New Jersey",2006,345113,2958,97253,2588,1385,445,23789,699,176,278,39694,3558,9591,2522,2635,1052,6956,2295,517001,NA,6.5,6.2,7.6,7.4,6.6,6.4,6.2,7.5,7.8,8.1,7.1,6.1,4.5,3.3,2.7,2.1,2.3,1.7,0.1,0.4,0.4,0.1,0.1,0.1,0.1,0.4,0.4,0.1,0.1,0.3,0.3,0.3,0.3,0.3,0.2,0.2,250593,350,266408,350,6.9,0.8,5.3
"Cape May County, New Jersey",2006,88601,1619,5966,804,157,191,363,320,0,273,1422,1441,1215,765,401,448,814,717,97724,NA,4.2,5.7,6.1,5.9,5.2,6,5.8,5.4,7.9,7.4,7.4,5.7,6.7,5.3,4.5,4.6,3.1,2.9,0.6,1.1,1.1,0.5,0.4,0.5,0.9,1,0.9,0.2,0.4,0.8,0.7,0.8,0.8,0.8,0.8,0.7,46370,714,51354,714,8.7,2.5,7
"Cumberland County, New Jersey",2006,103852,3332,31540,1234,1379,245,1718,162,0,273,13710,3226,2624,911,947,489,1677,797,154823,NA,6.9,7.4,5.4,7,6.6,7.7,7.2,8.4,8.4,7.3,5.2,6.3,4,3.5,2.6,2.5,2.1,1.5,0.1,0.7,0.7,0.6,0.4,0.5,0.3,1,0.9,0.5,0.3,0.7,0.7,0.5,0.4,0.5,0.5,0.4,79949,279,74874,279,11.7,2.1,7
"Essex County, New Jersey",2006,334699,5919,323306,3312,2661,1004,33772,845,40,67,77567,6373,14102,2953,7909,2633,6193,1362,786147,NA,7.4,7.2,7,7.1,6.6,6.5,6.7,7.5,7.8,7.7,6.7,5.9,4.3,3.3,2.7,2.2,1.7,1.6,0.1,0.4,0.4,0.1,0.1,0.1,0.1,0.4,0.4,0.1,0.1,0.3,0.3,0.2,0.2,0.2,0.2,0.2,377649,369,408498,369,9,0.8,5.9
"Gloucester County, New Jersey",2006,238991,1319,27447,1569,381,353,6416,383,73,120,3492,1078,5231,1699,1281,915,3950,1433,282031,NA,5.6,6.3,6.8,7.7,7.4,6.7,6.2,7,8.9,8.3,7.2,6.2,4.2,3.5,2.8,2.2,2,1.2,0.1,0.5,0.5,0.3,0.4,0.4,0.3,0.6,0.6,0.1,0.2,0.5,0.4,0.4,0.3,0.3,0.3,0.3,137558,586,144473,586,5.4,0.9,4.8
"Hudson County, New Jersey",2006,339879,6675,85206,3193,3115,2054,68136,1342,151,249,96663,7102,7996,1859,4025,1541,3971,1393,601146,NA,6.9,5.3,6.6,6,6.6,7.7,9.5,9.7,8,7.2,6.2,5.4,3.9,3.2,2.5,2.2,1.5,1.5,NA,0.4,0.4,0.1,0.1,NA,NA,0.5,0.5,NA,NA,0.3,0.3,0.2,0.2,0.2,0.2,0.2,298253,427,302893,427,7.9,0.8,5.6
"Hunterdon County, New Jersey",2006,120038,1037,2502,912,0,273,5010,967,0,273,1797,950,1436,660,56,94,1380,651,130783,NA,5.2,6.4,7.3,6.7,5.7,4.1,4.8,7.3,9,10.3,9.1,7.1,6.1,3.5,2.6,1.6,1.6,1.6,0.2,0.7,0.7,0.4,0.5,0.4,0.3,1,1,0.4,0.3,0.9,0.8,0.6,0.5,0.4,0.4,0.5,64852,453,65931,453,3.4,1,3.4
"Mercer County, New Jersey",2006,241856,3822,72257,1632,760,342,30494,355,499,480,16783,3673,4956,1523,744,459,4212,1361,367605,NA,6.1,6,6.9,7.6,7.4,6.5,6.8,7.6,7.8,8.1,6.8,5.7,4.9,3,2.9,2.3,2.1,1.6,0.1,0.5,0.5,0.1,0.2,0.2,0.1,0.6,0.6,0.2,0.1,0.5,0.4,0.4,0.4,0.3,0.3,0.3,180544,277,187061,277,7.1,1.3,4.3
"Middlesex County, New Jersey",2006,478685,4737,73615,1847,1401,590,142423,1513,0,273,76150,4896,14697,3221,6193,2159,8504,2361,786971,NA,6.6,6.3,6.5,6.9,6.7,6.1,7.6,7.8,8.7,8,6.8,5.9,4.1,3.2,2.7,2.3,2.1,1.7,0.1,0.3,0.3,0.1,0.1,0.1,0.1,0.4,0.4,0.1,0.1,0.3,0.3,0.2,0.2,0.2,0.2,0.2,388591,275,398380,275,5.5,0.6,4.4
"Monmouth County, New Jersey",2006,523224,3254,48488,1222,1393,1172,32998,896,67,111,21246,3196,7869,1749,2839,926,5030,1366,635285,NA,6,6.9,6.9,7.2,5.9,4.9,5.4,7.2,8.3,9,7.8,7,4.9,3.5,3,2.3,2,1.8,0.1,0.3,0.4,0.1,0.1,0.1,0.1,0.4,0.4,0.1,0.1,0.3,0.3,0.2,0.2,0.3,0.2,0.2,310818,317,324467,317,6.1,0.6,4.2
"Morris County, New Jersey",2006,412738,4125,15151,953,115,129,42389,916,2255,2223,15726,3858,4786,1533,1594,1068,3192,1029,493160,NA,6.2,7.2,6.5,6.7,5.4,4.1,5.9,8,8.9,8.9,7.5,6.7,5.5,3.8,2.9,2.5,1.6,1.6,NA,0.4,0.4,0.1,0.1,0.1,0.1,0.5,0.5,0.1,0.1,0.4,0.4,0.3,0.3,0.3,0.2,0.2,243241,458,249919,458,4.2,0.6,3.4
"Ocean County, New Jersey",2006,509589,2594,18501,944,626,529,9244,930,296,338,17931,2618,6148,1357,2254,831,3894,1027,562335,NA,6.4,6.3,5.9,6.1,5.3,6.1,5.9,7.1,7,7.1,6,5.2,4.9,4.4,4,5,3.9,3.4,0.1,0.4,0.4,0.1,0.1,0.1,0.1,0.5,0.5,0.2,0.1,0.3,0.3,0.3,0.3,0.4,0.3,0.3,267917,418,294418,418,6.5,0.8,5
"Passaic County, New Jersey",2006,293218,7952,60066,2107,686,638,22959,540,0,273,112101,8266,8063,2222,4284,1659,3779,1572,497093,NA,7.5,7,7.4,7.1,6.8,6.2,6.6,7.5,7.7,7.7,6.6,5.8,4.5,3.2,2.7,1.9,1.9,2,0.1,0.4,0.4,0.1,0.2,0.1,0.1,0.5,0.5,0.1,0.1,0.4,0.4,0.3,0.3,0.3,0.3,0.2,242105,506,254988,506,5.6,1,5.7
"Salem County, New Jersey",2006,53289,897,10104,558,146,215,315,220,0,273,2222,907,519,294,42,61,477,290,66595,NA,6.4,5,7.4,7.1,6.1,7.1,5.7,7.6,7,7.7,7.1,5.7,6.4,4.4,2.4,2.2,2.5,2.4,0.5,0.9,0.8,1,0.8,0.8,0.7,1.2,1,0.6,0.7,1,1,0.6,0.6,0.7,0.6,0.7,32341,495,34254,495,7.4,2.1,5.1
"Somerset County, New Jersey",2006,243382,2511,27536,733,532,376,40655,749,0,273,7987,2294,4094,1282,1564,1046,2530,704,324186,NA,6.7,7.1,7.2,6.3,4.9,4.8,6.5,7.8,9.6,9.5,7.4,6.2,4.7,2.8,2.9,1.9,1.6,1.9,0.1,0.5,0.5,0.2,0.4,0.3,0.2,0.6,0.6,0.2,0.2,0.5,0.4,0.3,0.3,0.3,0.3,0.3,159128,767,165058,767,5.1,0.9,3.5
"Sussex County, New Jersey",2006,144127,942,2557,376,0,273,2882,518,0,273,2259,913,1559,621,173,172,1386,592,153384,NA,5.5,6.8,7.1,7.6,6.2,4.7,5.7,7.6,8.7,9.6,8.3,7.1,5.3,3.1,2.4,2,1.3,0.9,0.2,0.7,0.7,0.3,0.4,0.3,0.4,0.8,0.8,0.2,0.3,0.6,0.6,0.4,0.4,0.4,0.3,0.3,76255,465,77129,465,4.6,1,4.2
"Union County, New Jersey",2006,315418,6016,112370,1951,928,461,24606,1649,563,789,69695,6494,7508,1637,3099,902,4409,1304,531088,NA,6.9,6.7,7.2,6.8,6.1,5.5,6.2,7.9,8.1,8.2,7,6.2,4.5,3.1,3,2.3,2,2.1,0.1,0.4,0.4,0.1,0.1,0.1,0.1,0.5,0.5,0.1,0.1,0.4,0.4,0.3,0.3,0.2,0.2,0.2,258111,178,272977,178,6.1,0.8,4.9
"Warren County, New Jersey",2006,99275,1153,3873,325,0,273,2845,436,0,273,3874,1135,1052,676,547,453,505,494,110919,NA,6.3,7.1,6.5,6.4,5.7,5.7,5.8,7.9,8.9,8.4,7.9,5.9,4.8,3.4,2.7,2.7,1.7,2,0.4,0.8,0.8,0.3,0.6,0.6,0.5,1,1.1,0.3,0.6,0.8,0.7,0.5,0.5,0.5,0.4,0.5,53809,728,57110,728,5.3,1.3,4.2
"Atlantic County, New Jersey",2007,177910,3119,45431,1507,275,260,17758,760,48,83,24212,3367,5010,2014,690,723,4320,1821,270644,NA,6.5,6.3,7,6.5,6.6,5.9,6.2,7.6,7.8,8.5,6.9,6,4.3,4.3,2.9,2.7,2,2,NA,0.6,0.6,0.3,0.4,0.3,0.4,0.7,0.8,0.2,0.2,0.5,0.5,0.4,0.4,0.5,0.3,0.5,131427,770,139217,770,8.2,1.5,5.9
"Bergen County, New Jersey",2007,654060,5521,50766,2041,824,457,127885,1623,0,277,49020,5908,13189,2650,3857,1534,9332,2224,895744,NA,5.5,6.2,6.3,6.5,5.6,4.8,5.8,7.6,8.2,8.7,7.8,6.5,5.8,4.2,3.2,3,2.1,2.3,0.1,0.3,0.3,0.1,0.1,0.1,0.1,0.4,0.4,0.1,0.1,0.3,0.3,0.3,0.2,0.2,0.2,0.2,435175,205,460569,205,4.2,0.5,3.4
"Burlington County, New Jersey",2007,335121,2100,71809,1821,1348,480,18437,879,0,277,10157,1947,9945,2375,1373,657,8572,2220,446817,NA,6,6.6,6.3,7,6,6.2,6.4,7.5,8.4,8.5,7.2,6.2,4.9,3.6,3.1,3,1.8,1.4,0.1,0.4,0.4,0.1,0.1,0.1,0.1,0.5,0.5,0.1,0.1,0.4,0.4,0.3,0.3,0.2,0.2,0.2,221301,411,225516,411,5.8,0.8,3.8
"Camden County, New Jersey",2007,341175,3041,94933,1919,321,246,22781,1053,0,277,42024,3271,12535,2249,2832,1106,9703,1996,513769,NA,6.7,6.9,6.7,7.2,6.6,6.6,6,7.2,7.7,8,7.2,6,4.9,3.6,2.5,2.4,2.2,1.6,0.1,0.4,0.4,0.1,0.1,0.1,0.1,0.4,0.4,0.1,0.1,0.3,0.3,0.2,0.2,0.3,0.3,0.3,249507,307,264262,307,7.5,0.8,4.8
"Cape May County, New Jersey",2007,88470,841,4817,883,442,486,442,331,0,277,833,584,1418,826,548,429,870,729,96422,NA,4.8,5.2,6.2,5.3,5.8,6.5,5.1,6.3,6.6,7.5,7.2,6.2,6.9,5,4.6,4.8,3.7,2.3,0.3,0.7,0.8,0.5,0.3,0.8,0.7,1.3,1.2,0.4,0.3,0.9,0.9,0.5,0.6,0.6,0.6,0.5,46466,698,49956,698,6.8,2.7,6.6
"Cumberland County, New Jersey",2007,103421,2466,31326,1169,1895,851,1873,226,96,168,13074,2566,3859,1153,1059,838,2800,997,155544,NA,7.4,6.4,6.2,6.9,6.3,8.2,7.7,7.5,7.4,7.2,6.2,5.3,4.8,3.9,2.8,2.7,1.7,1.5,0.2,0.7,0.7,0.4,0.4,0.4,0.1,0.9,0.9,0.2,0.2,0.6,0.6,0.5,0.5,0.5,0.4,0.4,81166,525,74378,525,10.7,2.5,6.5
"Essex County, New Jersey",2007,315177,5350,315740,2490,2887,1017,34374,697,0,277,94317,5660,13592,2345,6293,1585,7299,1699,776087,NA,7.4,6.6,7.2,7.1,6.7,6.5,6.6,7.3,7.9,7.7,6.8,5.7,4.8,3.4,2.7,2.2,1.8,1.5,0.1,0.3,0.3,0.1,0.1,0.1,0.1,0.4,0.4,0.1,0.1,0.3,0.3,0.2,0.2,0.2,0.2,0.2,372787,383,403300,383,7.9,0.7,5.3
"Gloucester County, New Jersey",2007,241504,1087,27779,1105,309,238,6986,284,0,277,3989,1015,5186,1274,947,495,4239,1251,285753,NA,5.9,6.5,6.6,7.5,7.5,6.5,5.8,7,8.4,8.7,7.2,6,4.8,3.2,2.8,2.2,2.1,1.2,0.1,0.6,0.6,0.3,0.2,0.3,0.3,0.8,0.7,0.2,0.2,0.5,0.5,0.3,0.3,0.3,0.3,0.2,139600,462,146153,462,7.2,1.2,4.3
"Hudson County, New Jersey",2007,348229,8142,83733,3616,2367,1050,66966,1480,460,616,85297,8292,11108,2352,5700,1873,5408,1427,598160,NA,6.7,5.2,6.3,6.1,6.8,7.5,9.4,10.1,8,7.4,6.3,5.2,4.3,3,2.8,2.2,1.4,1.5,0.1,0.3,0.3,0.1,0.1,0.1,0.1,0.5,0.5,0.1,0.1,0.3,0.3,0.3,0.3,0.2,0.2,0.2,297014,474,301146,474,6.9,0.8,5
"Hunterdon County, New Jersey",2007,117479,779,3572,531,87,133,4183,526,0,277,2476,706,1551,782,261,265,1290,718,129348,NA,5.1,7,6.3,6.6,5.5,4.3,5,6.5,9.8,10.1,9.4,8.2,5.1,3.7,2.7,1.9,1.6,1.3,0.1,0.7,0.7,0.2,0.3,0.4,0.5,0.8,1.1,0.5,0.4,0.6,0.6,0.7,0.7,0.3,0.3,0.3,63531,528,65817,528,3.1,0.9,2.8
"Mercer County, New Jersey",2007,239084,3562,73113,1476,714,294,28706,787,65,107,18019,3565,5748,1501,1129,688,4619,1373,365449,NA,6.2,6.2,6.4,7.6,7.7,6.4,6.7,6.8,8.2,8.1,6.9,6,4.8,3.1,3,2.6,1.6,1.6,0.1,0.5,0.5,0.3,0.2,0.1,0.1,0.5,0.5,0.1,0.1,0.4,0.4,0.3,0.3,0.3,0.3,0.3,179645,319,185804,319,6,1.1,3.8
"Middlesex County, New Jersey",2007,502255,7463,77836,2044,920,519,144547,2079,94,114,49689,7619,13288,2289,3061,936,10227,2044,788629,NA,6.4,6.3,6.3,7.1,6.7,6.1,7.5,8.3,8,8,7,5.8,4.5,3.3,2.7,2.2,2.1,1.7,0.1,0.3,0.3,0.1,0.1,0.1,0.1,0.3,0.3,0.1,0.1,0.3,0.3,0.3,0.2,0.2,0.2,0.2,390037,203,398592,203,5.2,0.6,3.9
"Monmouth County, New Jersey",2007,528649,3991,50409,1698,937,572,32346,917,58,94,20737,4102,8894,1881,2134,1178,6760,1818,642030,NA,5.9,6.4,7.2,7.3,6,4.8,5.2,6.7,8.1,9,8.1,6.9,5.3,3.8,3,2.3,1.9,1.9,0.1,0.3,0.3,0.1,0.1,0.1,0.1,0.4,0.4,0.1,0.1,0.3,0.3,0.3,0.3,0.2,0.2,0.2,314060,253,327970,253,5.5,0.6,3.7
"Morris County, New Jersey",2007,407498,4136,15664,995,1336,495,40560,1193,102,166,17078,4187,6237,1584,1379,765,4858,1469,488475,NA,6,6.8,6.8,6.8,5.4,4.5,5.5,7.6,8.5,9.1,7.8,7,5.7,3.7,3.4,2.2,1.6,1.6,0.1,0.4,0.4,0.2,0.2,0.1,0.1,0.5,0.5,0.2,0.1,0.4,0.4,0.3,0.3,0.2,0.2,0.2,241387,800,247088,800,3.8,0.6,3
"Ocean County, New Jersey",2007,514159,3197,19995,968,612,422,9574,982,0,277,14639,3069,6514,2119,1925,1105,4589,1821,565493,NA,6.8,6.1,6.4,6.1,5.1,6,5.9,6,7.4,7.1,6.3,5.2,4.8,4.2,4.2,4.9,3.8,3.6,0.1,0.4,0.4,0.1,0.1,0.1,0.2,0.4,0.4,0.1,0.1,0.3,0.3,0.3,0.3,0.3,0.3,0.3,271087,856,294406,856,5.9,0.8,4.6
"Passaic County, New Jersey",2007,282964,6137,60551,1561,795,554,22028,1419,385,409,115018,6589,10374,2539,4005,2104,6369,1935,492115,NA,7.1,6.2,8.1,7.5,6.5,6.3,6.5,7.7,7.6,7.5,6.7,5.3,4.9,3.2,3.1,2.2,1.9,1.8,0.2,0.6,0.6,0.2,0.2,0.1,0.1,0.5,0.5,0.1,0.1,0.4,0.4,0.3,0.3,0.3,0.3,0.3,240323,998,251792,998,5.8,0.9,5.3
"Salem County, New Jersey",2007,53048,741,10184,759,243,277,335,237,0,277,897,535,1309,428,356,175,953,392,66016,NA,6.2,3.8,8.4,7.1,6.3,6.2,5.5,6.9,8.6,7.6,7,6.8,5.7,4,2.9,2.7,2.5,1.9,0.6,0.9,1.1,0.7,0.6,0.6,0.5,1.3,1.1,0.6,0.5,0.9,0.9,0.7,0.8,0.7,0.6,0.6,32793,623,33223,623,6.1,1.7,5
"Somerset County, New Jersey",2007,241204,2997,28248,902,398,385,40052,1039,0,277,10199,2904,3451,1178,682,675,2769,1091,323552,NA,6.5,7.2,7.1,6.5,5.3,4.5,5.8,8.1,9,9.5,7.7,6,5.3,3.7,2.7,1.9,1.9,1.4,NA,0.5,0.5,0.2,0.3,0.2,0.1,0.6,0.6,0.2,0.2,0.4,0.5,0.4,0.4,0.3,0.3,0.2,160887,581,162665,581,3.1,0.6,3.1
"Sussex County, New Jersey",2007,141021,1314,2797,570,479,327,2482,539,0,277,3512,1484,1187,536,251,201,936,571,151478,NA,5.5,6.8,6.7,7.8,6,4.7,5.3,7.1,8.8,9.9,8.4,7.3,5.3,3.5,2.3,1.7,1.6,1.2,0.2,0.7,0.7,0.4,0.3,0.1,0.3,0.8,0.8,0.3,0.3,0.8,0.8,0.4,0.4,0.4,0.3,0.3,75602,526,75876,526,5.5,1,3.9
"Union County, New Jersey",2007,303621,5194,113592,1912,740,635,23526,637,369,589,76620,5220,6190,1581,1636,782,4554,1217,524658,NA,7,6.7,6.9,7,6.4,5.3,6,7.7,8,8.3,7.2,5.9,5,3.8,2.5,2.5,2.1,1.8,0.1,0.4,0.4,0.1,0.1,0.1,0.1,0.6,0.6,0.1,0.1,0.4,0.4,0.3,0.3,0.3,0.3,0.3,255314,317,269344,317,6.5,0.9,4.5
"Warren County, New Jersey",2007,101531,702,3534,451,93,137,2643,462,0,277,1023,760,913,667,21,37,892,671,109737,NA,6.4,6.9,6.3,8.1,4.9,5.1,5.7,7.6,8.5,8.7,7.7,5.2,6.2,3.6,2.5,2.9,2.2,1.6,0.5,0.8,0.8,0.7,0.8,0.5,0.6,1.1,1,0.5,0.5,0.7,0.8,0.7,0.7,0.5,0.5,0.3,52883,613,56854,613,6.2,1.7,3.8
"Atlantic County, New Jersey",2008,177019,2939,45917,2191,411,402,17016,725,0,277,22445,3189,7873,2434,706,513,7167,2405,270681,NA,6.5,6.1,6.8,7.1,6.3,5.8,6.3,6.9,8,8.2,7.3,5.5,4.8,4.2,3,3.3,1.9,2,0.1,0.5,0.5,0.4,0.4,0.3,0.3,0.7,0.7,0.1,0.1,0.5,0.4,0.4,0.4,0.4,0.3,0.5,131997,604,138684,604,5.7,0.9,6.8
"Bergen County, New Jersey",2008,675769,5693,50372,2858,949,405,128502,1847,0,277,21288,4921,17960,3504,4059,1544,13901,2847,894840,NA,5.5,6.3,6.1,6.4,5.7,5.1,5.7,7.1,8.1,8.7,8,6.3,6.2,4.2,3.4,2.8,2.1,2.4,0.1,0.3,0.3,0.1,0.1,0.1,0.1,0.4,0.4,0.1,0.1,0.3,0.3,0.3,0.3,0.2,0.2,0.3,435382,489,459458,489,4.3,0.5,4.4
"Burlington County, New Jersey",2008,336421,2287,70757,1971,981,585,18511,738,52,85,7987,2221,10766,1928,1502,568,9264,1804,445475,NA,5.9,6.1,6.6,6.7,6.3,6.2,6.3,6.9,8.6,8.5,7.5,5.7,5.5,4.5,2.6,2.3,2.1,2,0.1,0.4,0.4,0.2,0.2,0.2,0.1,0.5,0.5,0.1,0.1,0.4,0.4,0.3,0.3,0.3,0.3,0.3,220534,749,224941,749,6.6,0.8,4.9
"Camden County, New Jersey",2008,345676,3783,99636,2145,3272,1669,22822,1150,0,277,34234,3966,11594,2456,2955,1388,8639,2160,517234,NA,6.7,6.5,6.9,7.3,6.5,6.7,6,7.1,7.4,8,7.4,6.3,4.8,3.6,2.7,2.1,1.9,2,0.1,0.4,0.4,0.1,0.1,0.1,0.1,0.4,0.4,0.1,0.1,0.4,0.4,0.3,0.3,0.3,0.2,0.3,250928,461,266306,461,7.5,0.9,5.9
"Cape May County, New Jersey",2008,87337,1328,3696,829,617,656,462,408,0,277,1551,1433,2175,972,89,178,2086,957,95838,NA,5,4.6,5.9,6.3,5.2,5.4,5.4,7.2,7.3,7.2,7.4,6.7,5.9,6.1,3.6,5,3.2,2.6,0.5,0.8,0.8,1,0.7,0.2,0.6,1.5,1.6,0.3,0.3,0.8,0.7,0.8,0.7,0.8,0.7,0.7,46318,674,49520,674,5.9,2.1,7.9
"Cumberland County, New Jersey",2008,106983,2809,30097,1075,1228,286,1837,176,0,277,12377,2899,4308,1185,939,497,3369,1134,156830,NA,7.6,5.9,6.7,6.6,6.6,7.7,7.9,6.6,8.7,6.7,6.2,4.9,4.9,3.7,2.9,2.3,2.2,1.9,0.1,0.8,0.7,0.3,0.6,0.5,0.1,0.8,0.7,0.5,0.3,0.6,0.7,0.6,0.7,0.6,0.5,0.5,80539,415,76291,415,7.7,1.6,7.9
"Essex County, New Jersey",2008,341957,5431,317799,4066,1877,794,34878,1376,537,636,59069,5872,14558,2755,2084,861,12474,2670,770675,NA,7.3,6.8,7,7.2,6.7,6.4,6.5,7.5,7.3,7.8,7,5.9,4.8,3.9,2.4,2.2,1.7,1.6,0.1,0.4,0.4,0.1,0.1,0.1,0.1,0.4,0.4,0.1,0.1,0.3,0.3,0.2,0.2,0.2,0.2,0.2,371220,611,399455,611,7.4,0.7,6.4
"Gloucester County, New Jersey",2008,242260,1422,28248,1082,333,326,6910,435,52,91,4994,1546,5063,1398,41,68,5022,1391,287860,NA,6,6.5,6.3,7.3,7.1,6.9,6,7.3,7.8,8.4,7.7,5.9,5.1,3.4,2.9,2.2,1.8,1.5,0.1,0.5,0.5,0.3,0.2,0.2,0.2,0.7,0.6,0.1,0.2,0.5,0.5,0.3,0.3,0.3,0.3,0.3,140893,740,146967,740,7.2,0.9,5.3
"Hudson County, New Jersey",2008,362096,6459,79861,2893,1688,1056,68241,1587,0,277,70524,6624,13009,2409,4544,1342,8465,1934,595419,NA,6.8,5.5,6,6.1,6.7,7.1,9.1,9.9,8.4,7.6,6.4,5,4.6,3.2,2.6,2,1.7,1.4,0.1,0.4,0.4,0.1,0.1,0.1,0.1,0.6,0.6,0.1,0.1,0.3,0.3,0.3,0.3,0.2,0.2,0.2,295762,561,299657,561,6.5,0.7,6.2
"Hunterdon County, New Jersey",2008,116962,1272,4013,359,90,129,4498,442,0,277,2231,1244,1237,662,383,384,854,579,129031,NA,4.8,5.9,7.1,6.7,5.8,5,5.1,6,9.3,9.5,9.1,8.2,5.9,3.8,2.9,2.1,1.3,1.5,0.3,0.8,0.8,0.3,0.5,0.7,0.6,0.9,1,0.3,0.2,0.7,0.7,0.5,0.6,0.6,0.4,0.4,63324,812,65707,812,6.1,2.2,3.7
"Mercer County, New Jersey",2008,244302,3082,72347,2333,1677,1517,29849,654,0,277,9386,2945,7322,2215,1358,822,5964,2044,364883,NA,6.3,6.3,6.2,7.7,7.3,6.4,6.6,7.9,6.8,7.9,7.2,5.7,5.3,3.5,2.9,2.4,1.9,1.5,NA,0.5,0.5,0.2,0.2,NA,NA,0.6,0.6,NA,NA,0.4,0.4,0.4,0.4,0.3,0.3,0.2,180011,414,184872,414,6.4,1,4.7
"Middlesex County, New Jersey",2008,503400,6086,77495,2712,987,402,151179,1636,54,93,41821,6219,14166,2879,4252,1722,9914,2396,789102,NA,6.6,6.5,6.1,7,6.7,6.1,7.2,7.9,8.1,8,7.1,6,4.5,3.5,2.8,2.3,1.9,1.7,0.1,0.3,0.3,0.1,0.1,0.1,0.1,0.5,0.4,0.1,0.1,0.3,0.3,0.2,0.2,0.2,0.2,0.2,390457,1422,398645,1422,5,0.6,4.9
"Monmouth County, New Jersey",2008,539433,3649,49019,2768,1944,1034,32455,965,0,277,8283,2646,11314,2665,1053,722,10261,2638,642448,NA,5.8,7,6.4,7.2,6.1,5.3,5.2,6.6,7.5,9,8.3,6.8,5.8,3.7,3.3,2.3,1.9,1.9,0.1,0.4,0.4,0.1,0.1,0.1,0.1,0.4,0.4,0.1,0.1,0.4,0.4,0.3,0.2,0.2,0.2,0.2,314670,435,327778,435,5.4,0.6,4.8
"Morris County, New Jersey",2008,405756,3026,14810,1126,1406,763,41562,915,42,70,15534,3176,8438,2619,3333,1648,5105,1576,487548,NA,5.9,7.1,6.5,6.6,5.6,4.6,5.3,6.8,8.8,9,8.1,6.9,6,4.2,2.9,2.5,1.8,1.5,0.1,0.4,0.4,0.1,0.1,0.1,0.1,0.5,0.5,0.1,0.1,0.4,0.4,0.3,0.3,0.2,0.2,0.2,240258,389,247290,389,3.9,0.6,3.9
"Ocean County, New Jersey",2008,517529,4141,18969,1195,457,366,9789,971,117,197,14381,4032,7869,2396,2455,2108,5414,1458,569111,NA,6.9,6.1,6.4,5.8,5.2,6.3,5.9,6.1,6.9,7.3,6.3,5,5.1,4.5,3.7,5.2,3.8,3.5,0.1,0.4,0.4,0.1,0.1,0.2,0.1,0.4,0.5,0.2,0.1,0.3,0.3,0.3,0.3,0.4,0.3,0.4,273270,750,295841,750,6.3,0.8,5.8
"Passaic County, New Jersey",2008,288342,6678,62600,2728,1341,998,23624,1119,174,271,106488,7126,8379,2639,1293,744,7086,2503,490948,NA,7.6,6.8,7.3,7.3,6.7,6.2,6.2,6.7,8,7.8,6.9,5.8,4.8,3.6,2.7,2.2,1.6,1.9,0.1,0.5,0.5,0.1,0.1,0.1,0.1,0.5,0.5,0.1,0.1,0.4,0.4,0.3,0.3,0.3,0.3,0.3,239726,627,251222,627,5.6,0.9,6.6
"Salem County, New Jersey",2008,53522,718,10988,508,35,58,275,254,0,277,902,582,419,325,105,187,314,269,66141,NA,5.8,6,5.9,7.2,6.5,7.9,5.9,6,7.5,7.7,7.4,6.8,5.4,4.1,2.8,2.4,3.1,1.5,0.8,0.9,0.7,0.7,0.8,0.8,0.7,1.2,1.2,0.6,0.6,0.9,0.9,0.7,0.6,0.6,0.7,0.6,32458,430,33683,430,8.8,3.2,6.1
"Somerset County, New Jersey",2008,239766,3456,26342,1910,0,277,41431,874,0,277,11178,3417,5846,1526,948,838,4898,1492,324563,NA,6.4,7.2,7.1,6.1,4.9,5.3,5.6,7.8,8.6,9.1,8.3,5.9,5.4,4,2.9,2.3,1.4,1.6,0.1,0.6,0.6,0.2,0.3,0.3,0.4,0.8,0.8,0.2,0.1,0.5,0.5,0.4,0.4,0.4,0.2,0.3,159879,475,164684,475,5,1,4
"Sussex County, New Jersey",2008,140288,1413,2776,595,165,182,3265,394,0,277,2762,1265,1653,861,584,716,1069,603,150909,NA,5.5,6.6,6.5,7.5,5.8,5.1,4.9,6.3,8.9,10.4,8.6,7.8,5.6,4.2,2.2,1.8,1.3,1,0.2,0.6,0.6,0.4,0.2,0.2,0.4,0.7,0.9,0.5,0.2,0.8,0.7,0.5,0.4,0.3,0.3,0.3,75614,722,75295,722,6.9,1.4,4.9
"Union County, New Jersey",2008,318893,5849,113213,2388,1254,948,23279,873,311,518,58616,5977,7683,2371,3326,1790,4357,1328,523249,NA,7,6.8,6.8,6.9,6.3,5.6,5.8,7.1,8.1,8.3,7.5,6.5,4.9,3.4,2.7,2.1,2.1,2,NA,0.4,0.4,0.1,0.1,0.1,NA,0.5,0.5,NA,NA,0.4,0.4,0.3,0.3,0.3,0.3,0.3,255061,492,268188,492,6.4,0.7,5.6
"Warren County, New Jersey",2008,100410,765,4043,235,0,277,2871,410,0,277,1216,663,1336,601,345,262,991,499,109876,NA,5.8,7.5,6.4,7.1,4.9,4.7,5.5,7.2,8.5,9.2,8.8,6.7,4.6,3.8,2.8,2.5,2.3,1.7,0.3,0.9,0.8,0.5,0.3,0.2,0.6,1,0.9,0.4,0.8,0.6,0.6,0.4,0.5,0.6,0.5,0.5,53662,942,56214,942,5.7,1.3,4.9
"Atlantic County, New Jersey",2009,184963,2826,44395,2259,683,218,17714,834,0,279,15731,2743,8226,2265,1565,884,6661,2139,271712,NA,6.6,6.4,6.2,7,5.8,6.4,5.5,6.4,7.4,8.3,7.7,6.5,6,4.3,3.3,2.5,2,1.8,0.1,0.5,0.5,0.3,0.4,0.3,0.3,0.6,0.7,0.2,0.1,0.5,0.5,0.4,0.4,0.4,0.3,0.3,132164,296,139548,296,11.9,1.5,11.9
"Bergen County, New Jersey",2009,665215,6048,52056,2401,2142,1007,132898,1546,63,105,29332,5729,13544,2954,3654,1423,9890,2607,895250,NA,5.4,6,6.7,6.4,5.6,5.4,5.8,7,7.8,8.5,8,6.8,5.5,4.1,3.4,2.8,2.2,2.5,0.1,0.3,0.3,0.1,0.2,0.1,0.1,0.4,0.4,0.1,0.1,0.3,0.3,0.2,0.2,0.2,0.2,0.2,437059,477,458191,477,6.8,0.6,7.8
"Burlington County, New Jersey",2009,336957,3341,72494,1835,471,270,19029,799,0,279,7108,2759,10049,2613,709,539,9340,2444,446108,NA,5.8,5.9,7,6.5,6.5,6.1,5.8,7.2,7.3,8.6,7.8,6.7,5.1,3.9,3.3,2.2,2.2,2.1,0.1,0.4,0.4,0.2,0.2,0.2,0.1,0.5,0.5,0.1,0.2,0.4,0.4,0.2,0.3,0.2,0.3,0.2,222083,905,224025,905,8.5,0.8,8.4
"Camden County, New Jersey",2009,342838,3844,98246,2752,2348,1077,24635,846,0,279,35110,4288,14702,3051,2519,880,12183,2871,517879,NA,6.7,6.3,6.9,7,6.4,7.1,6.3,6.7,7.2,7.8,7.5,6.2,5.2,3.9,2.8,2,2.3,1.8,0.1,0.4,0.4,0.1,0.1,0.1,0.1,0.5,0.5,0.1,0.1,0.3,0.3,0.3,0.3,0.3,0.3,0.2,250871,389,267008,389,11.6,0.9,9.9
"Cape May County, New Jersey",2009,87071,891,5699,674,396,405,186,190,0,279,1803,882,937,587,324,314,613,476,96092,NA,4.1,5,6.3,5.8,5.7,5.7,3.8,5.1,5.3,8,8.4,7.4,8.2,6.2,5.5,4.6,3,1.9,0.4,0.8,0.8,0.4,0.4,0.6,0.5,1.1,0.9,0.6,0.6,0.9,0.9,0.8,0.9,0.7,0.6,0.6,45771,614,50321,614,9.5,1.9,11.2
"Cumberland County, New Jersey",2009,101192,3115,32791,1965,1822,650,1651,398,42,68,13418,3228,6829,1928,2590,1323,4239,1299,157745,NA,7.7,6.4,6.4,7.5,6.5,7.1,7.3,7.3,6.9,7.3,6.4,5.8,4.9,3.6,3.1,2.2,1.5,2.2,0.1,0.8,0.8,0.5,0.5,0.5,0.1,0.9,0.9,0.3,0.2,0.7,0.6,0.5,0.6,0.5,0.3,0.5,81321,468,76424,468,15.3,2.2,12.5
"Essex County, New Jersey",2009,341671,6275,311751,4273,2107,1013,33320,1233,442,414,48112,5138,32241,5730,6711,2676,25530,5434,769644,NA,7.3,6.7,7,6.7,6.5,7,7.2,7.3,7.4,7.7,6.9,6,4.7,3.7,2.5,2,2,1.6,0.1,0.3,0.3,0.1,0.1,0.1,0.1,0.4,0.4,0.1,0.1,0.3,0.3,0.2,0.2,0.2,0.2,0.2,371599,603,398045,603,12.5,0.9,10.3
"Gloucester County, New Jersey",2009,243885,1648,29218,1508,52,104,6262,1142,0,279,3280,1468,7223,1815,580,409,6643,1813,289920,NA,5.9,6.8,6.7,7,6.5,6.4,6.4,7.4,7.1,8.4,7.8,6.3,5.2,4.1,2.5,2.1,1.6,1.7,0.2,0.5,0.5,0.3,0.3,0.4,0.3,0.7,0.7,0.1,0.2,0.4,0.4,0.4,0.4,0.3,0.3,0.3,141192,939,148728,939,11,1.5,9.2
"Hudson County, New Jersey",2009,358677,6593,81792,3463,3310,1539,68327,1399,32,54,70349,6964,15437,3270,4815,1462,10622,2750,597924,NA,6.6,5.7,5,5.5,6.6,10.7,10.7,8.7,6.8,7,6.3,5.4,4.2,3.3,2.6,1.8,1.8,1.3,0.1,0.4,0.4,0.1,0.1,0.1,0.1,0.4,0.5,0.1,0.1,0.3,0.3,0.2,0.2,0.2,0.2,0.2,296442,294,301482,294,10.7,1,10.5
"Hunterdon County, New Jersey",2009,118322,1349,3840,366,47,87,4223,498,73,103,1811,1483,1718,742,48,79,1670,734,130034,NA,5.1,7.3,6.7,6.9,5.6,3.4,3.6,5.8,10,10.2,9.7,7.3,6.1,4,2.8,2.5,1.6,1.4,0.4,0.7,0.7,0.3,0.5,0.5,0.3,1,0.9,0.4,0.3,0.7,0.7,0.7,0.6,0.6,0.4,0.4,65121,719,64913,719,9,1.9,6.7
"Mercer County, New Jersey",2009,241209,3769,71339,2892,473,402,29699,1082,269,366,15316,3840,7917,2718,583,435,7334,2700,366222,NA,6.3,5.9,6.7,7.4,7.6,6.5,6.5,6.8,7.6,7.8,7.3,6,5.2,3.8,2.6,2.3,1.9,1.8,NA,0.5,0.5,0.4,0.4,0.1,NA,0.5,0.5,NA,NA,0.5,0.5,0.3,0.3,0.3,0.3,0.3,180573,NA,185649,NA,11,1.5,7.6
"Middlesex County, New Jersey",2009,510205,4790,80045,2653,1723,1085,153425,1584,0,279,31640,4548,13700,2677,3178,1155,10522,2246,790738,NA,6.6,6.7,6,6.8,6.3,7.3,7.4,7.4,7.2,7.8,7.2,6,4.8,3.1,3.2,2.4,2,1.7,0.1,0.4,0.4,0.1,0.1,0.1,0.1,0.3,0.3,0.1,0.1,0.2,0.2,0.2,0.2,0.2,0.2,0.2,390789,257,399949,257,9.3,0.7,8.5
"Monmouth County, New Jersey",2009,532605,3939,48692,1852,1809,1372,34245,1247,77,131,13337,3588,13340,2781,1177,577,12163,2822,644105,NA,5.7,6.6,7,7.1,6,5,4.8,6.3,7.9,9.1,8.5,6.8,5.7,4.1,2.9,2.5,2,2,0.1,0.4,0.4,0.1,0.1,0.1,0.1,0.4,0.4,0.1,0.1,0.4,0.4,0.2,0.2,0.2,0.2,0.2,315844,288,328261,288,8.5,0.8,8.3
"Morris County, New Jersey",2009,407476,3153,15456,1659,1760,1006,42868,1167,437,670,11010,2841,9511,2435,4434,1807,5077,1314,488518,NA,5.8,7,6.8,6.9,5.4,4.6,5.1,7,8.3,9.1,8.2,6.4,5.8,4.3,2.9,2.4,1.9,2,NA,0.4,0.4,0.2,0.2,0.1,0.1,0.5,0.5,0.1,0.2,0.4,0.4,0.3,0.3,0.3,0.2,0.2,242022,562,246496,562,6.9,0.9,7.1
"Ocean County, New Jersey",2009,523902,3470,19261,1423,554,364,10690,603,62,108,9681,2860,9528,2568,2600,1485,6928,2030,573678,NA,6.8,6,6.5,5.9,5.3,5.6,5,5.5,6.3,7.1,6.7,6,6.3,5.6,4.8,4.1,3.5,2.9,0.1,0.4,0.4,0.1,0.2,0.1,0.1,0.3,0.3,0.2,0.2,0.5,0.5,0.3,0.3,0.3,0.3,0.3,274963,628,298715,628,11.3,1.1,9.5
"Passaic County, New Jersey",2009,312332,6765,61179,2938,1410,891,23547,1165,88,150,87657,6572,5565,1631,2027,788,3538,1499,491778,NA,7.7,6.8,6.9,6.8,6.5,6.9,6.8,7.1,6.9,7.5,7,5.6,5.2,3.6,2.8,2.3,2,1.6,0.1,0.5,0.5,0.2,0.2,0.1,0.1,0.5,0.5,0.1,0.1,0.5,0.5,0.3,0.3,0.2,0.2,0.2,240759,453,251019,453,9.9,1.2,11
"Salem County, New Jersey",2009,52967,1313,10016,623,60,62,199,193,0,279,1642,1283,1458,828,56,132,1402,827,66342,NA,5.8,6.3,6.7,7.6,5.6,6,6.9,7.4,5.4,7.5,8,6.3,5.9,3.4,3.9,3.4,1.9,2.1,1.1,1.6,1.4,1,0.6,0.7,1.2,1.4,1.2,0.6,0.4,0.9,1,0.8,1,1,0.7,0.7,31214,850,35128,850,13.3,3.1,10.6
"Somerset County, New Jersey",2009,237329,3108,29504,1427,967,765,42917,1015,0,279,11698,3391,4454,1536,864,715,3590,1217,326869,NA,6.2,7.2,7,6.7,5,5.2,5.8,7.4,8.5,9.1,8.1,6.6,4.9,3.4,3.1,2,1.6,2.1,NA,0.6,0.6,0.3,0.3,0.2,0.1,0.6,0.7,0.2,0.4,0.5,0.5,0.4,0.4,0.3,0.2,0.3,161453,591,165416,591,8.1,1.1,7.3
"Sussex County, New Jersey",2009,141658,965,3179,287,150,157,3657,452,0,279,1151,818,1323,741,510,436,813,652,151118,NA,5.1,7.3,6.6,7.3,5.9,4.3,4.7,6.4,8.8,9.7,9.1,7.3,6.1,3.9,2.7,2,1.4,1.3,0.3,0.7,0.6,0.4,0.4,0.2,0.3,0.8,0.8,0.5,0.4,0.8,0.8,0.5,0.5,0.4,0.3,0.4,75477,1002,75641,1002,8,1.1,8.6
"Union County, New Jersey",2009,315103,4936,113820,2159,581,352,24469,832,82,140,64771,5596,7600,1753,2699,1114,4901,1279,526426,NA,7.1,6.9,6.7,6.6,5.9,6.3,6.6,7.7,7.2,8.1,7.4,6.1,4.9,3.6,2.5,2.3,2,2,0.1,0.5,0.5,0.1,0.1,0.1,0.1,0.5,0.5,0.1,0.1,0.3,0.3,0.3,0.3,0.3,0.2,0.3,257599,509,268827,509,10.1,1.2,9.3
"Warren County, New Jersey",2009,99301,1164,4068,656,62,98,3061,393,0,279,1391,906,1755,1031,518,501,1237,779,109638,NA,5.7,5.5,7.8,7.1,5.5,5,5,6.1,8.9,9.7,8.2,6,6.2,4,2.8,2.5,1.9,1.9,0.4,0.8,0.9,0.7,0.6,0.4,0.5,0.9,1,0.9,0.4,0.7,0.8,0.6,0.5,0.5,0.5,0.5,53118,845,56520,845,7.6,1.8,8.7
